{
	"passive_mobs": false,
	"hostile_mobs": false,
	"players": true,
	"self": false,
	"blacklistOrWhitelist": true,
	"list": [
		"minecraft:armor_stand"
	],
	"after_attack": false,
	"time_after_hit": 60,
	"damaged_only": false,
	"max_health_percentage": 100,
	"looking_at": false,
	"reach": 3,
	"within_distance": false,
	"distance": 64,
	"override_players": false,
	"indicator_type": "HEARTS",
	"icons_per_row": 10,
	"use_vanilla_textures": false,
	"show_heart_effects": true,
	"number_color": -65536,
	"render_number_display_shadow": false,
	"decimal_places": 1,
	"percentage_based_health": false,
	"max_health": 20,
	"size": 0.025,
	"display_offset": 0.0,
	"offset_step_size": 1.0,
	"force_higher_offset_for_players": false,
	"message_type": "ACTIONBAR",
	"colored_messages": true,
	"enable_commands": true,
	"enable_damage_direction_indicators": false,
	"damage_direction_indicators_scale": 2
}