{
  "layers": {
    "hotbar": {
      "x": 0,
      "y": 2,
      "position": "BOTTOM",
      "sync": "NONE"
    },
    "chat": {
      "x": 0,
      "y": 0,
      "position": "BOTTOM",
      "sync": "NONE"
    },
    "bossbar": {
      "x": 0,
      "y": 0,
      "position": "TOP",
      "sync": "NONE"
    },
    "sidebar": {
      "x": 0,
      "y": 0,
      "position": "RIGHT",
      "sync": "NONE"
    },
    "effects": {
      "x": 0,
      "y": 0,
      "position": "TOP_RIGHT",
      "sync": "NONE"
    },
    "players": {
      "x": 0,
      "y": 0,
      "position": "TOP",
      "sync": "NONE"
    },
    "toasts": {
      "x": 0,
      "y": 0,
      "position": "TOP_RIGHT",
      "sync": "NONE"
    },
    "other": {
      "x": 0,
      "y": 0,
      "position": "BOTTOM",
      "sync": "NONE"
    }
  },
  "resources": {
    "texture": "AUTO"
  }
}