{
  "animation_settings": {
    "animation": false,
    "water": true,
    "lava": true,
    "fire": true,
    "portal": true,
    "block_animations": true,
    "sculk_sensor": true
  },
  "particle_settings": {
    "particles": true,
    "rain_splash": true,
    "block_break": true,
    "block_breaking": false,
    "other": {
      "minecraft:angry_villager": false,
      "minecraft:ash": false,
      "minecraft:block": false,
      "minecraft:block_crumble": false,
      "minecraft:block_marker": false,
      "minecraft:bubble": false,
      "minecraft:bubble_column_up": false,
      "minecraft:bubble_pop": false,
      "minecraft:campfire_cosy_smoke": false,
      "minecraft:campfire_signal_smoke": false,
      "minecraft:cherry_leaves": false,
      "minecraft:cloud": false,
      "minecraft:composter": false,
      "minecraft:crimson_spore": false,
      "minecraft:current_down": false,
      "minecraft:damage_indicator": false,
      "minecraft:dolphin": false,
      "minecraft:dragon_breath": false,
      "minecraft:dripping_dripstone_lava": false,
      "minecraft:dripping_dripstone_water": false,
      "minecraft:dripping_honey": false,
      "minecraft:dripping_lava": false,
      "minecraft:dripping_obsidian_tear": false,
      "minecraft:dripping_water": false,
      "minecraft:dust": false,
      "minecraft:dust_color_transition": false,
      "minecraft:dust_pillar": false,
      "minecraft:dust_plume": false,
      "minecraft:egg_crack": false,
      "minecraft:elder_guardian": false,
      "minecraft:electric_spark": false,
      "minecraft:enchant": false,
      "minecraft:end_rod": false,
      "minecraft:entity_effect": false,
      "minecraft:explosion": false,
      "minecraft:explosion_emitter": false,
      "minecraft:falling_dripstone_lava": false,
      "minecraft:falling_dripstone_water": false,
      "minecraft:falling_dust": false,
      "minecraft:falling_honey": false,
      "minecraft:falling_lava": false,
      "minecraft:falling_nectar": false,
      "minecraft:falling_obsidian_tear": false,
      "minecraft:falling_spore_blossom": false,
      "minecraft:falling_water": false,
      "minecraft:fishing": false,
      "minecraft:flame": false,
      "minecraft:flash": false,
      "minecraft:glow": false,
      "minecraft:glow_squid_ink": false,
      "minecraft:gust": false,
      "minecraft:gust_emitter_large": false,
      "minecraft:gust_emitter_small": false,
      "minecraft:happy_villager": false,
      "minecraft:heart": false,
      "minecraft:infested": false,
      "minecraft:item_cobweb": false,
      "minecraft:item_slime": false,
      "minecraft:item_snowball": false,
      "minecraft:landing_honey": false,
      "minecraft:landing_lava": false,
      "minecraft:landing_obsidian_tear": false,
      "minecraft:large_smoke": false,
      "minecraft:lava": false,
      "minecraft:mycelium": false,
      "minecraft:nautilus": false,
      "minecraft:pale_oak_leaves": false,
      "minecraft:poof": false,
      "minecraft:portal": false,
      "minecraft:raid_omen": false,
      "minecraft:rain": false,
      "minecraft:reverse_portal": false,
      "minecraft:scrape": false,
      "minecraft:sculk_charge": false,
      "minecraft:sculk_charge_pop": false,
      "minecraft:sculk_soul": false,
      "minecraft:shriek": false,
      "minecraft:small_flame": false,
      "minecraft:small_gust": false,
      "minecraft:smoke": false,
      "minecraft:sneeze": false,
      "minecraft:snowflake": false,
      "minecraft:sonic_boom": false,
      "minecraft:soul_fire_flame": false,
      "minecraft:spit": false,
      "minecraft:spore_blossom_air": false,
      "minecraft:squid_ink": false,
      "minecraft:sweep_attack": false,
      "minecraft:trail": false,
      "minecraft:trial_omen": false,
      "minecraft:trial_spawner_detection": false,
      "minecraft:trial_spawner_detection_ominous": false,
      "minecraft:underwater": false,
      "minecraft:vault_connection": false,
      "minecraft:vibration": false,
      "minecraft:warped_spore": false,
      "minecraft:wax_off": false,
      "minecraft:wax_on": false,
      "minecraft:white_ash": false,
      "minecraft:white_smoke": false,
      "minecraft:witch": false,
      "minecraft:crit": false,
      "minecraft:enchanted_hit": false,
      "minecraft:totem_of_undying": false
    }
  },
  "detail_settings": {
    "sky": false,
    "sun": false,
    "moon": false,
    "stars": false,
    "rain_snow": false,
    "biome_colors": false,
    "sky_colors": false
  },
  "render_settings": {
    "fog_distance": 0,
    "fog_start": 100,
    "multi_dimension_fog_control": false,
    "dimensionFogDistance": {
      "minecraft:overworld": 0,
      "minecraft:the_nether": 0,
      "minecraft:the_end": 0
    },
    "light_updates": true,
    "item_frame": true,
    "armor_stand": true,
    "painting": true,
    "piston": true,
    "beacon_beam": true,
    "limit_beacon_beam_height": false,
    "enchanting_table_book": true,
    "item_frame_name_tag": true,
    "player_name_tag": true
  },
  "extra_settings": {
    "overlay_corner": "BOTTOM_LEFT",
    "text_contrast": "NONE",
    "show_fps": true,
    "show_f_p_s_extended": false,
    "show_coords": true,
    "reduce_resolution_on_mac": false,
    "use_adaptive_sync": false,
    "cloud_height": 192,
    "cloud_distance": 100,
    "toasts": true,
    "advancement_toast": true,
    "recipe_toast": true,
    "system_toast": true,
    "tutorial_toast": true,
    "instant_sneak": false,
    "prevent_shaders": false,
    "steady_debug_hud": true,
    "steady_debug_hud_refresh_interval": 1
  }
}