{
  "configPos_BUTTON": "CONFIG_POS",
  "translatorBruhEnabled": false,
  "friends": [],
  "friendsHighlight": false,
  "friendsHighlightOnlyArmor": false,
  "friendsHighlightSyncColor": false,
  "friendCustomColor": 65280,
  "mctiersEnabled": false,
  "mctiersGameMode": "SWORD",
  "blurShadowEnabled": false,
  "waterMarkEnabled": false,
  "waterMarkX": 10,
  "waterMarkY": 20,
  "paletteStyle": "QUARTET",
  "c1": 6725887,
  "c2": 6091007,
  "c3": 16757334,
  "c4": 16730698,
  "textColor": 16777215,
  "backColor": 1579561,
  "backAlpha": 80,
  "trailsEnabled": false,
  "trailsFirstPerson": false,
  "trailsRenderHalf": false,
  "trailsForGliders": false,
  "trailsStyle": "FADED",
  "trailsLenght": 20,
  "trailsHeight": 100,
  "trailsAlphaFactor": 100,
  "chinaHatEnabled": false,
  "chinaHatRenderHalf": false,
  "chinaHatAlpha": 90,
  "chinaHatYOffset": 0,
  "chinaHatTipHeight": 35,
  "chinaHatBaseRadius": 65,
  "haloEnabled": false,
  "haloSoulRenderSoulStyle": "SMOKE",
  "haloSoulLenght": 12,
  "haloSoulFactor": 16,
  "haloSoulRadius": 30,
  "haloSoulStartSize": 50,
  "haloSoulEndSize": 20,
  "haloSoulScale": 25,
  "haloSoulSubdivision": 5,
  "jumpCirclesEnabled": true,
  "jumpCirclesFadeOut": false,
  "jumpCirclesStyle": "HEXAGON",
  "jumpCirclesAlpha": 100,
  "jumpCirclesColorSpinSpeed": 2,
  "jumpCirclesScale": 100,
  "jumpCirclesLiveTime": 3,
  "jumpCirclesSpinSpeed": 3,
  "jumpParticlesEnabled": false,
  "jumpParticlesIncludeFirefly": false,
  "jumpParticlesIncludeDollar": false,
  "jumpParticlesIncludeSnowflake": false,
  "jumpParticlesIncludeHeart": false,
  "jumpParticlesIncludeStar": false,
  "jumpParticlesIncludeGlyphs": false,
  "jumpParticlesPhysic": "FLY",
  "jumpParticlesDisappear": "ALPHA",
  "jumpParticlesCount": 5,
  "jumpParticlesSpeed": 5,
  "jumpParticlesLiveTime": 2,
  "jumpParticlesScale": 3,
  "ambientParticlesEnabled": false,
  "ambientParticlesRandomColor": true,
  "ambientParticlesIncludeFirefly": false,
  "ambientParticlesIncludeDollar": false,
  "ambientParticlesIncludeSnowflake": false,
  "ambientParticlesIncludeHeart": false,
  "ambientParticlesIncludeStar": false,
  "ambientParticlesIncludeGlyphs": false,
  "ambientParticlesStyle": "BOTH",
  "ambientParticlesPhysic": "FALL",
  "ambientParticlesParticleWithTrailLenght": 10,
  "ambientParticlesDefaultParticleScale": 100,
  "ambientParticlesParticleWithTrailScale": 100,
  "ambientParticlesDefaultParticleCount": 100,
  "ambientParticlesParticleWithTrailCount": 30,
  "timeChangerEnabled": false,
  "timeChangerTime": 50,
  "weatherChangerEnabled": false,
  "weatherType": "RAIN",
  "coloredSkyEnabled": false,
  "customFogEnabled": false,
  "customFogThick": false,
  "customFogShape": "SPHERE",
  "customFogStart": 5,
  "customFogEnd": 20,
  "customFogDensity": 80,
  "targetRenderEnabled": true,
  "targetRenderOnlyPlayers": true,
  "targetRenderStyle": "LEGACY",
  "targetRenderLiveTime": 0,
  "targetRenderLegacyTexture": "LEGACY",
  "targetRenderLegacyRollSpeed": 70,
  "targetRenderLegacyScale": 60,
  "targetRenderLegacyAlpha": 80,
  "targetRenderSoulStyle": "SMOKE",
  "targetRenderSoulTexture": "ALT",
  "targetRenderSoulLenght": 5,
  "targetRenderSoulFactor": 3,
  "targetRenderSoulShaking": 3,
  "targetRenderSoulAmplitude": 3,
  "targetRenderSoulRadius": 100,
  "targetRenderSoulStartSize": 50,
  "targetRenderSoulEndSize": 20,
  "targetRenderSoulScale": 40,
  "targetRenderSoulSubdivision": 3,
  "targetRenderTopkaRadius": 50,
  "targetRenderTopkaSpeed": 30,
  "targetHudEnabled": true,
  "targetHudFollow": false,
  "targetHudStyle": "ARES",
  "targetHudRenderTime": 5,
  "targetHudParticles": true,
  "targetHudIncludeFirefly": false,
  "targetHudIncludeDollar": false,
  "targetHudIncludeSnowflake": false,
  "targetHudIncludeHeart": false,
  "targetHudIncludeStar": false,
  "targetHudIncludeGlyphs": false,
  "targetHudParticleScale": 100,
  "targetHudOffsetX": -25,
  "targetHudOffsetY": -42,
  "targetHudEntityOffsetX": 20,
  "targetHudEntityOffsetY": 0,
  "hudBetterHotbarEnabled": false,
  "hudBetterHotbarShowArmor": true,
  "hudBetterHotbarSmooth": true,
  "hudBetterHotbarStyle": "SIMPLE",
  "hudBetterScoreboardEnabled": false,
  "hudBetterScoreboardGlow": false,
  "hudBetterScoreboardDarker": false,
  "hudBetterScoreboardColor": false,
  "hudBetterPotionsHudEnabled": true,
  "hudBetterPotionsHudToRoman": true,
  "hudBetterPotionsHudX": 10,
  "hudBetterPotionsHudY": 104,
  "hitBubblesEnabled": false,
  "hitBubblesStyle": "PORTAL",
  "hitBubblesRenderTime": 30,
  "hitBubblesScale": 100,
  "hitSoundEnabled": false,
  "hitSoundRandomPitch": false,
  "hitSoundOnlyCrit": false,
  "hitSoundType": "GET",
  "hitSoundVolume": 50,
  "hitSoundOverwriteEnabled": false,
  "hitSoundOverwriteCritVolume": 50,
  "hitSoundOverwriteSweepVolume": 50,
  "hitSoundOverwriteNoDamageVolume": 50,
  "hitSoundOverwriteKnockbackVolume": 50,
  "hitSoundOverwriteStrongVolume": 50,
  "hitSoundOverwriteWeakVolume": 50,
  "rpcEnabled": false,
  "rpcState": "NAME",
  "rpcCustomStateText": "Have a nice day!",
  "swingHandEnabled": false,
  "swingHandConfig_BUTTON": "CONFIG_HANDS",
  "swingHand_xPos": 0.7,
  "swingHand_yPos": -0.4,
  "swingHand_zPos": -0.85,
  "swingHand_scale": 0.75,
  "swingHand_rotX": 0,
  "swingHand_rotY": -13,
  "swingHand_rotZ": 8,
  "swingHand_xSwingRot": -55,
  "swingHand_ySwingRot": 0,
  "swingHand_zSwingRot": 90,
  "swingHand_speed": 100,
  "aspectRatioEnabled": false,
  "aspectRatioUsePreset": false,
  "aspectRatioFactor": 150,
  "aspectRatioPreset": "_16_9_",
  "noFireOverlayEnabled": true,
  "noFireOverlayCustomColorEnabled": false,
  "noFireOverlayY": 35,
  "noFireOverlayAlpha": 90,
  "noFireOverlayCustomColor": 16711680,
  "totemOverwriteScaleEnable": false,
  "totemOverwriteScale": 30,
  "totemPopShaderEnabled": false,
  "totemShaderAlpha": 80,
  "totemPopParticlesEnabled": false,
  "totemPopDefaultColors": true,
  "totemPopParticlesIncludeFirefly": false,
  "totemPopParticlesIncludeDollar": false,
  "totemPopParticlesIncludeSnowflake": false,
  "totemPopParticlesIncludeHeart": false,
  "totemPopParticlesIncludeStar": false,
  "totemPopParticlesIncludeGlyphs": false,
  "totemPopParticlesPhysic": "FLY",
  "totemPopParticlesDisappear": "ALPHA",
  "totemPopParticlesCount": 2,
  "totemPopParticlesSpeed": 2,
  "totemPopParticlesRenderTime": 2,
  "totemPopParticlesScale": 3,
  "hitParticlesEnabled": false,
  "hitParticlesSelf": false,
  "hitParticlesCritOnly": false,
  "hitParticlesLikeCrit": false,
  "hitParticlesSplashSpawn": true,
  "hitParticlesTextShowHeal": false,
  "hitParticleIncludeFirefly": false,
  "hitParticleIncludeDollar": false,
  "hitParticleIncludeSnowflake": false,
  "hitParticleIncludeHeart": false,
  "hitParticleIncludeStar": false,
  "hitParticleIncludeGlyphs": false,
  "hitParticlesTextMode": "DISABLED",
  "hitParticlesDisappear": "ALPHA",
  "hitParticlesPhysic": "FLY",
  "hitParticlesCount": 2,
  "hitParticlesSpeed": 2,
  "hitParticlesRenderTime": 2,
  "hitParticlesTextScale": 1,
  "hitParticlesScale": 3,
  "capesEnabled": false,
  "selectCape_BUTTON": "SELECT_CAPE",
  "capesTexture": "CUSTOM_JAVA",
  "customCapesEnabled": false,
  "customCapesLink": "https://static.wikia.nocookie.net/minecraft_gamepedia/images/8/86/MINECON_2019_Cape_%28texture%29.png/revision/latest?cb\u003d20220316113812",
  "updateCape_BUTTON": "UPDATE_CAPE",
  "mouseMoveEnabled": false,
  "mouseMoveBlur": false,
  "mouseMoveX": 900,
  "mouseMoveY": 450,
  "hitColorEnabled": false,
  "hitColorCustomColor": true,
  "hitColorColor": 16711680,
  "hitColorAlpha": 90,
  "trajectoriesPreviewEnabled": true,
  "trajectoriesPreviewLandSideOutline": false,
  "trajectoriesPreviewLandSideFill": false
}