{
  "totemSize": 1.0,
  "popSize": 0.3,
  "disableEquipAnimation": false,
  "TotemPopAnimation": true,
  "animationSpeed": 40,
  "lockRotationPosition": false,
  "disableRotations": false,
  "staticSize": false,
  "xPosition": 50,
  "yPosition": 50,
  "showTotemCount": false,
  "showOverlay": false,
  "overlayColor": 16711680,
  "overlayOpacity": 128,
  "enableTotemSizeChange": false,
  "totemSizeChangeSpeed": 1.0,
  "minTotemSize": 0.5,
  "maxTotemSize": 1.0,
  "enableTotemPopSizeChange": false,
  "totemPopSizeChangeSpeed": 1.0,
  "minTotemPopSize": 0.3,
  "maxTotemPopSize": 0.9
}