{
    "formatVersion": 1,
    "game": "minecraft",
    "versionId": "9.0.0-beta.4",
    "name": "Fabulously Optimized",
    "files": [
        {
            "path": "mods/BetterGrassify-1.6.1+fabric.1.21.5.jar",
            "hashes": {
                "sha1": "cb8b2e1c3ef783fe40220e1b110f34fbc51d2640",
                "sha512": "49162e9e743a4f2db222eb7a4c4d002ee7a7eb823fc47bce1c25344b12ffc31028bbd9e39b59867fe45ebacae11ff30e13cf7b2d4124cbfb1c26c1d096669eae"
            },
            "env": {
                "client": "required",
                "server": "required"
            },
            "downloads": [
                "https://cdn.modrinth.com/data/m5T5xmUy/versions/RkA9Btk1/BetterGrassify-1.6.1%2Bfabric.1.21.5.jar"
            ],
            "fileSize": 155009
        },
        {
            "path": "mods/BigShot-fabric-1.21.5-12.0.1.jar",
            "hashes": {
                "sha1": "82ddf27d9a7d846f330e3e47486296cffedfb1df",
                "sha512": "8a87b40931515573c74e4b729e5ac0766307fa37cad419ee5bd7a8c680b2f68dc812ed50e59313182e4df09ea659a61536bdbd7ae79bfe006a860a4b90b76f47"
            },
            "env": {
                "client": "required",
                "server": "required"
            },
            "downloads": [
                "https://cdn.modrinth.com/data/vNU5pyXC/versions/ni8RHZtL/BigShot-fabric-1.21.5-12.0.1.jar"
            ],
            "fileSize": 10609
        },
        {
            "path": "mods/Debugify-1.21.5+1.0.jar",
            "hashes": {
                "sha1": "205de09c66981b3172eb5df8ddf6c96335422e9c",
                "sha512": "5838bdab8278f76eb33c2e9417e7115da6c126220e2697bd6fca90b5bd9ad071236d4a036bc793a25b3e8944e183415dc5892a864c6e5c2c2fbbbd25f3a58b67"
            },
            "env": {
                "client": "required",
                "server": "required"
            },
            "downloads": [
                "https://cdn.modrinth.com/data/QwxR6Gcd/versions/rfvoZgM1/Debugify-1.21.5%2B1.0.jar"
            ],
            "fileSize": 299058
        },
        {
            "path": "mods/ForgeConfigAPIPort-v21.5.1-1.21.5-Fabric.jar",
            "hashes": {
                "sha1": "11b5a197f452a3c6ae8511189842771861316bc5",
                "sha512": "30a5331eec454eb2129a2021ab2093138c7f7936c35057354c2ae39e8a3ea132e5ada534bdd5ee46d56f048594e0fd1e743a7ee6ec89b1873998f482e2c6fc65"
            },
            "env": {
                "client": "required",
                "server": "required"
            },
            "downloads": [
                "https://cdn.modrinth.com/data/ohNO6lps/versions/mlQdrgSO/ForgeConfigAPIPort-v21.5.1-1.21.5-Fabric.jar"
            ],
            "fileSize": 630029
        },
        {
            "path": "mods/ImmediatelyFast-Fabric-1.9.5+1.21.5.jar",
            "hashes": {
                "sha1": "887e45137b047220f5ca5f8412577b327d37adfb",
                "sha512": "033cb2531931ff9800f219ca273e65147223a86dac832dadeaf7af32a69d05af6a8630a6cfe3c1aa61080854b3a3471307a8d48d166c3439bcfa9501c3ccf824"
            },
            "env": {
                "client": "required",
                "server": "required"
            },
            "downloads": [
                "https://cdn.modrinth.com/data/5ZwdcRci/versions/dk4uLLmV/ImmediatelyFast-Fabric-1.9.5%2B1.21.5.jar"
            ],
            "fileSize": 227089
        },
        {
            "path": "mods/NoChatReports-FABRIC-1.21.5-v2.12.0.jar",
            "hashes": {
                "sha1": "82a9a193cc1214ac58aa573f7def25b5a3ee4c18",
                "sha512": "c0825db25672cf8b50face51ec8a6bedb4be50b374a2537640a433c98817bc07c177485e93ab8cee9e3f7bfb1d2eb1460309e818b411764c92426b552487a9f7"
            },
            "env": {
                "client": "required",
                "server": "required"
            },
            "downloads": [
                "https://cdn.modrinth.com/data/qQyHxfxd/versions/CHlHxkvf/NoChatReports-FABRIC-1.21.5-v2.12.0.jar"
            ],
            "fileSize": 318499
        },
        {
            "path": "mods/Zoomify-2.14.2+1.21.3.jar",
            "hashes": {
                "sha1": "736e8888664701b86042e10bea357aa9af583c35",
                "sha512": "1fb4df13e2f2392af630407241f097b650b76738063db10c0907bb79a0e06571a4ec22ddfb98948174cdb2084bb5c1924265622525984a2af0c4e796b695c3de"
            },
            "env": {
                "client": "required",
                "server": "required"
            },
            "downloads": [
                "https://cdn.modrinth.com/data/w7ThoJFB/versions/RKRjd2h1/Zoomify-2.14.2%2B1.21.3.jar"
            ],
            "fileSize": 807977
        },
        {
            "path": "mods/bettermounthud-1.2.5.jar",
            "hashes": {
                "sha1": "8ec8cc4a44623d696568870f7a226e2d30fc7af8",
                "sha512": "8cbaa8acf6a3a9e32f9893f3aed15abc974fa55568726d52b9915bb760bb4bf726aec82a6459f3290dd946cfe93203150c6c77928d3ebd0f7732099c14ac6585"
            },
            "env": {
                "client": "required",
                "server": "required"
            },
            "downloads": [
                "https://cdn.modrinth.com/data/kqJFAPU9/versions/GGWgvqjm/bettermounthud-1.2.5.jar"
            ],
            "fileSize": 21037
        },
        {
            "path": "mods/capes-1.5.5+1.21.5-fabric.jar",
            "hashes": {
                "sha1": "d884add3efd389b32e71dba63b1267840c89fcd6",
                "sha512": "f20af10a347e249c361199eaabc4e82197ca77235cb6f30d75aef229f86df9c02039697e0d3e63610802a0035f9185818ae3e76fc35cd9203c84a12387faa266"
            },
            "env": {
                "client": "required",
                "server": "required"
            },
            "downloads": [
                "https://cdn.modrinth.com/data/89Wsn8GD/versions/htKsCP2s/capes-1.5.5%2B1.21.5-fabric.jar"
            ],
            "fileSize": 65743
        },
        {
            "path": "mods/cloth-config-18.0.145-fabric.jar",
            "hashes": {
                "sha1": "db73460f84cede7b5fc67dce7c38bbeb5444c63e",
                "sha512": "2752215fdc303598f0e98208a3ddae404c413aa3de22f5e2db2f2cc2c7813f08a1731da6778a6b9056a6ebe3b74919fce67abd14332269ad0a353bdc6e9e92c4"
            },
            "env": {
                "client": "required",
                "server": "required"
            },
            "downloads": [
                "https://cdn.modrinth.com/data/9s6osm5g/versions/qA00xo1O/cloth-config-18.0.145-fabric.jar"
            ],
            "fileSize": 1152219
        },
        {
            "path": "mods/continuity-3.0.1-test.4+1.21.5.jar",
            "hashes": {
                "sha1": "9965153e0acabbe3582aabe2ddb6a503508b6787",
                "sha512": "fdbf9c3d685e6facf8a023fc0883813f0936e530b9d5a9be3d09b769f548f7ddb560f9554677c1f8036996f0503a21af5d5c7794b28afce9215d5edb8c738650"
            },
            "env": {
                "client": "required",
                "server": "required"
            },
            "downloads": [
                "https://cdn.modrinth.com/data/1IjD5062/versions/kravz06U/continuity-3.0.1-test.4%2B1.21.5.jar"
            ],
            "fileSize": 996045
        },
        {
            "path": "mods/controlify-2.1.1+1.21.5-fabric.jar",
            "hashes": {
                "sha1": "7cd2fe7b4db103723407fd5f55862d5d722de436",
                "sha512": "1f5dc16bad1e763e35faa259b505a78e6e846a23c2f8d76a62d86200f379f4491f278096c95594377bdf5cd4598951ac9c2922e418aa2b244e6833dd9c03d827"
            },
            "env": {
                "client": "required",
                "server": "required"
            },
            "downloads": [
                "https://cdn.modrinth.com/data/DOUdJVEm/versions/oT1Pf7JM/controlify-2.1.1%2B1.21.5-fabric.jar"
            ],
            "fileSize": 4197474
        },
        {
            "path": "mods/cwb-fabric-3.0.0+mc1.21.5.jar",
            "hashes": {
                "sha1": "b663eb9a8238be3cd71173e39b6f9d01d0948c1d",
                "sha512": "93ef2bce695fd7d180d03d8d1d2a15c74e7807f74f087518d607f754d58b1945fb571c5aa426e673c70c4c08dab54034cc927c89d4e5bf9521035dbbd5a6f236"
            },
            "env": {
                "client": "required",
                "server": "required"
            },
            "downloads": [
                "https://cdn.modrinth.com/data/ETlrkaYF/versions/wXhtL4fb/cwb-fabric-3.0.0%2Bmc1.21.5.jar"
            ],
            "fileSize": 81623
        },
        {
            "path": "mods/dynamic-fps-3.9.4+minecraft-1.21.5-fabric.jar",
            "hashes": {
                "sha1": "317fa92e11ff83bdda2dce899c1d096ef16fca9f",
                "sha512": "fa59f35bfdd3509c49362cbcdda35a08f706ff053594afd44c37176d75c536120cb66fa2b129782e707a6aa7fe2ecb7d3bd477d0e22d4b6ef4c937f687626b8b"
            },
            "env": {
                "client": "required",
                "server": "required"
            },
            "downloads": [
                "https://cdn.modrinth.com/data/LQ3K71Q1/versions/wrSjf4ld/dynamic-fps-3.9.4%2Bminecraft-1.21.5-fabric.jar"
            ],
            "fileSize": 192205
        },
        {
            "path": "mods/e4mc_minecraft-fabric-5.3.1.jar",
            "hashes": {
                "sha1": "8b815ce0b3e8e8305827d1ea041e1ee1b4a6a7b6",
                "sha512": "d0e76923d8627f55c8980c1b1518162140e2706403eaa2f5e44136cca9fa6c1105e49fd537ac28020422612f60b8a3ad119643089c2f714f94f93bcb14983ebb"
            },
            "env": {
                "client": "required",
                "server": "required"
            },
            "downloads": [
                "https://cdn.modrinth.com/data/qANg5Jrr/versions/71uPp5Hx/e4mc_minecraft-fabric-5.3.1.jar"
            ],
            "fileSize": 575182
        },
        {
            "path": "mods/entity_model_features_fabric_1.21.5-2.4.3.jar",
            "hashes": {
                "sha1": "b6f1d17eec726d5b2666a483b81f28349dddcd71",
                "sha512": "7d4d9143f4395a204d79fe48a2d3babe97ea37231c52b73e3001f9ad86e679ac451d55309d0ba21db63fe589652437d97395984b4e74e5bd785efbb01803f0d0"
            },
            "env": {
                "client": "required",
                "server": "required"
            },
            "downloads": [
                "https://cdn.modrinth.com/data/4I1XuqiY/versions/V1CDwTjH/entity_model_features_fabric_1.21.5-2.4.3.jar"
            ],
            "fileSize": 448610
        },
        {
            "path": "mods/entity_texture_features_fabric_1.21.5-6.2.13.jar",
            "hashes": {
                "sha1": "9a072a732bc8737ca81f6c0a0c81fc6b45605405",
                "sha512": "dfbedcdccd369daf448a228f31634e16cdad5ac2531a4807694e781cc68624f55ca20c8b36dfc1131c98fb90eabd6fe35fb1b498ece2900fccb701b0cd6aec72"
            },
            "env": {
                "client": "required",
                "server": "required"
            },
            "downloads": [
                "https://cdn.modrinth.com/data/BVzZfTc1/versions/yOuAC3la/entity_texture_features_fabric_1.21.5-6.2.13.jar"
            ],
            "fileSize": 651215
        },
        {
            "path": "mods/entityculling-fabric-1.7.4-mc1.21.5.jar",
            "hashes": {
                "sha1": "fbe1f45c60abb5e9e586cbfe13e761da1831d3cb",
                "sha512": "26d3118179d8b7c18803c69ff8bb16acba18457d325dd3e536903adb5a82401bea759bf0866636892091f6683c3244fa400bd7ab0135af2c46d5d673722314f0"
            },
            "env": {
                "client": "required",
                "server": "required"
            },
            "downloads": [
                "https://cdn.modrinth.com/data/NNAgCjsB/versions/29GV7fju/entityculling-fabric-1.7.4-mc1.21.5.jar"
            ],
            "fileSize": 71172
        },
        {
            "path": "mods/fabric-api-0.125.3+1.21.5.jar",
            "hashes": {
                "sha1": "4cde7cd29bd6b52fbd3fbfba7c1004526fe5e558",
                "sha512": "54d1c195803de90a7055858ab835d527919007f0e80048e854d3beaaad151d30766a78f530a4189eadfbbef3bd98cca69c9f54f565d49b586180cbd5834eda97"
            },
            "env": {
                "client": "required",
                "server": "required"
            },
            "downloads": [
                "https://cdn.modrinth.com/data/P7dR8mSH/versions/1Hweb6k1/fabric-api-0.125.3%2B1.21.5.jar"
            ],
            "fileSize": 2224300
        },
        {
            "path": "mods/fabric-language-kotlin-1.13.3+kotlin.2.1.21.jar",
            "hashes": {
                "sha1": "848dd463bc9d75de4c519dff30cfc0666ead10d6",
                "sha512": "805eb96067560fa8acc8fcc7dbfba4ad8eed1a2bc9b46566e184f122533fdff844288f3df635762e1af927a4efe8989e9f11007a24bcdc73a32fc2dbebd720c3"
            },
            "env": {
                "client": "required",
                "server": "required"
            },
            "downloads": [
                "https://cdn.modrinth.com/data/Ha28R6CL/versions/iqWDz8qt/fabric-language-kotlin-1.13.3%2Bkotlin.2.1.21.jar"
            ],
            "fileSize": 7163558
        },
        {
            "path": "mods/fastquit-3.0.0+1.21.4.jar",
            "hashes": {
                "sha1": "44e32d51d5ee75d9aaf5947394714af0640d798d",
                "sha512": "b2f0fe92e1c3ea6424a1b02271b63e66e37481be4e39cef170ff1ea690a78b25b1f5b25da14733018ed23c229e2832de5752a2257041306b2c72af34406e3ea5"
            },
            "env": {
                "client": "required",
                "server": "required"
            },
            "downloads": [
                "https://cdn.modrinth.com/data/x1hIzbuY/versions/HdbAWjaF/fastquit-3.0.0%2B1.21.4.jar"
            ],
            "fileSize": 59241
        },
        {
            "path": "mods/ferritecore-8.0.0-fabric.jar",
            "hashes": {
                "sha1": "53d76354587cd1965b842fdce7cff965b5c52fe5",
                "sha512": "131b82d1d366f0966435bfcb38c362d604d68ecf30c106d31a6261bfc868ca3a82425bb3faebaa2e5ea17d8eed5c92843810eb2df4790f2f8b1e6c1bdc9b7745"
            },
            "env": {
                "client": "required",
                "server": "required"
            },
            "downloads": [
                "https://cdn.modrinth.com/data/uXXizFIs/versions/CtMpt7Jr/ferritecore-8.0.0-fabric.jar"
            ],
            "fileSize": 79653
        },
        {
            "path": "mods/iris-fabric-1.8.11+mc1.21.5.jar",
            "hashes": {
                "sha1": "3806a7c76347bcfd9f02b1317a5ddd1541bd24a7",
                "sha512": "f87af0c7fbfa55657b0c0424dc8f20c9c507e4330a69faa83964b9c76f493be5cb19957937de6550ed220449c3c19cb41cbcfc163a12a72b581331d1d8f2958e"
            },
            "env": {
                "client": "required",
                "server": "required"
            },
            "downloads": [
                "https://cdn.modrinth.com/data/YL57xq9U/versions/U6evbjd0/iris-fabric-1.8.11%2Bmc1.21.5.jar"
            ],
            "fileSize": 2714605
        },
        {
            "path": "mods/lambdynamiclights-4.2.6+1.21.5.jar",
            "hashes": {
                "sha1": "4b117409f4ea0fe256a60b59481095e61cae4cb4",
                "sha512": "77f54490816508bb08f2cb98207b01d97e3aeeefd33399a419ad4a8d8010ceedf37ce686511a0237d9e920b1a164ee67cddb6467e66e95c25dcc63aac63cc1f3"
            },
            "env": {
                "client": "required",
                "server": "required"
            },
            "downloads": [
                "https://cdn.modrinth.com/data/yBW8D80W/versions/UPiFwTHO/lambdynamiclights-4.2.6%2B1.21.5.jar"
            ],
            "fileSize": 1025132
        },
        {
            "path": "mods/language-reload-1.7.3+1.21.5.jar",
            "hashes": {
                "sha1": "ab66d632ef1e065f495b6ca639f64ca6423ebf78",
                "sha512": "8c051c79923f07191a8c714c67a8b16c09ef74a6500743baf15eb988593cedad2d683d3b892a64629ba7bfd0aca119c87835f604ccd80a790debbe0253c0d0f2"
            },
            "env": {
                "client": "required",
                "server": "required"
            },
            "downloads": [
                "https://cdn.modrinth.com/data/uLbm7CG6/versions/BMmbiHSJ/language-reload-1.7.3%2B1.21.5.jar"
            ],
            "fileSize": 73837
        },
        {
            "path": "mods/lithium-fabric-0.16.2+mc1.21.5.jar",
            "hashes": {
                "sha1": "6216d899b7ba74838ada9be140aa743b39aa3193",
                "sha512": "09a68051504bb16069dd6af8901f2bbeadfd08ad5353d8bcc0c4784e814fb293d9197b4fb0a8393be1f2db003cd987a9e4b98391bbe18c50ae181dace20c2fa4"
            },
            "env": {
                "client": "required",
                "server": "required"
            },
            "downloads": [
                "https://cdn.modrinth.com/data/gvQqBUqZ/versions/VWYoZjBF/lithium-fabric-0.16.2%2Bmc1.21.5.jar"
            ],
            "fileSize": 783290
        },
        {
            "path": "mods/main-menu-credits-1.2.0.jar",
            "hashes": {
                "sha1": "37ad23f76336eedbd940a1f99c5e49d969fdee67",
                "sha512": "fb12dd676a080691c78a701721520de1469d53e702710b21ca8eead54d56936e6b3a39b1003e022090de40d650239d547c81031cb4b8a8ab619e56b98cd92c2c"
            },
            "env": {
                "client": "required",
                "server": "required"
            },
            "downloads": [
                "https://cdn.modrinth.com/data/qJDfP7WN/versions/eUN0SbET/main-menu-credits-1.2.0.jar"
            ],
            "fileSize": 16640
        },
        {
            "path": "mods/mixintrace-1.1.1+1.17.jar",
            "hashes": {
                "sha1": "7fbb0130db0e427ee7180d304dfa65c46f0e3b69",
                "sha512": "ea9034b60bc1c64629a9bcad2e619907692fe6e7464026236c55cc5a4892a20d21dd6318ad0380ab2ec245f7077939b6717d2ed58e00708c17470be14f5e0b5f"
            },
            "env": {
                "client": "required",
                "server": "required"
            },
            "downloads": [
                "https://cdn.modrinth.com/data/sGmHWmeL/versions/1.1.1%2B1.17/mixintrace-1.1.1%2B1.17.jar"
            ],
            "fileSize": 36039
        },
        {
            "path": "mods/modelfix-1.21.5-1.12-fabric.jar",
            "hashes": {
                "sha1": "aa85f1d826593001c56ca13d5c064bca21cfc900",
                "sha512": "129a3088674e95a98976e03f9d6425058f3763257dc7f6b6131ff7c609f8bd3fa9e0d0051082a5142de9f9066cee1412a517d45a2d3f8aedac4ae4ea350eea19"
            },
            "env": {
                "client": "required",
                "server": "required"
            },
            "downloads": [
                "https://cdn.modrinth.com/data/QdG47OkI/versions/WcDxGReS/modelfix-1.21.5-1.12-fabric.jar"
            ],
            "fileSize": 66419
        },
        {
            "path": "mods/modmenu-14.0.0-rc.2.jar",
            "hashes": {
                "sha1": "cdcbe5d129ca9939c3c95a09b3d6fd1ed5513edd",
                "sha512": "091953cac8e7657b99f794d97ac8ca321c4eb3e8eafbadeb62ccbe7991ea83aa1c5c7d91817c61940fcf5ab84f946be393ba8727828ac74035626963ee668d39"
            },
            "env": {
                "client": "required",
                "server": "required"
            },
            "downloads": [
                "https://cdn.modrinth.com/data/mOgUt4GM/versions/T7GjZmwP/modmenu-14.0.0-rc.2.jar"
            ],
            "fileSize": 1069680
        },
        {
            "path": "mods/morechathistory-1.3.1.jar",
            "hashes": {
                "sha1": "b4337ef9dc0a6cdf31d8f3df68a6542f64f3625e",
                "sha512": "31831973dafb0cd4e1ead267b0143aa9ce803d8ebf8fec1dfad884c62ad52cf94da0349b2b0b72d9c0c9a7fb83af75180d85e7ea8a44c459d4d5e960b4e3ea06"
            },
            "env": {
                "client": "required",
                "server": "required"
            },
            "downloads": [
                "https://cdn.modrinth.com/data/8qkXwOnk/versions/3siYJiWG/morechathistory-1.3.1.jar"
            ],
            "fileSize": 3573
        },
        {
            "path": "mods/moreculling-fabric-1.21.5-1.3.1.jar",
            "hashes": {
                "sha1": "244855a197a7b27422fc435f5ef8ab6306a24f53",
                "sha512": "b207146df0ff4ba042e651722320430bae3708e6a6363229ed12c87df31181667a53ee622b85561e31fb3a1534444d48b8b7de9c4e0f174c12a4d7029d4e880a"
            },
            "env": {
                "client": "required",
                "server": "required"
            },
            "downloads": [
                "https://cdn.modrinth.com/data/51shyZVL/versions/MDkI6Huh/moreculling-fabric-1.21.5-1.3.1.jar"
            ],
            "fileSize": 348681
        },
        {
            "path": "mods/optigui-2.3.0-beta.7+1.21.5.jar",
            "hashes": {
                "sha1": "7329e5453248d1ce0979b7c6784d0dec7f4b0a36",
                "sha512": "e90dab2d709ef45897ae4d3d9e94ebbccd41a9ff1006280d482e1209038f8e742a97ac914c8e8545a15c3ac37e3f22190e7fa27b6a459b7e46e4a73a176b82c9"
            },
            "env": {
                "client": "required",
                "server": "required"
            },
            "downloads": [
                "https://cdn.modrinth.com/data/JuksLGBQ/versions/c2A7xc4Z/optigui-2.3.0-beta.7%2B1.21.5.jar"
            ],
            "fileSize": 612360
        },
        {
            "path": "mods/paginatedadvancements-2.7.0+1.21.5.jar",
            "hashes": {
                "sha1": "d01c408ddf0cd96e28050dccff52c5c1af879bc1",
                "sha512": "45ceebb2ab6cd1101624e5f98797780e636a41852374fa837daa19da921a88b735c2870ff5cab31c3e2a5df44bc3c74420a29f710d4ea138b2cf224ab966edfa"
            },
            "env": {
                "client": "required",
                "server": "required"
            },
            "downloads": [
                "https://cdn.modrinth.com/data/pJogNFap/versions/wT0Haedt/paginatedadvancements-2.7.0%2B1.21.5.jar"
            ],
            "fileSize": 81043
        },
        {
            "path": "mods/polytone-1.21.5-3.4.2-fabric.jar",
            "hashes": {
                "sha1": "108a15f8671379299342c01d3658572c8d672900",
                "sha512": "7181a343840bd4ea1ea53c9c684d742cc525a8e18b9cbac372ab105af86ef7c3008b4ae6226d50a14f3fab5a20b1b737faadc4a64d55c45e5ac43b155c3a24e0"
            },
            "env": {
                "client": "required",
                "server": "required"
            },
            "downloads": [
                "https://cdn.modrinth.com/data/3qAYkBMB/versions/S9qJi2yW/polytone-1.21.5-3.4.2-fabric.jar"
            ],
            "fileSize": 706639
        },
        {
            "path": "mods/puzzle-fabric-2.1.0+1.21.5.jar",
            "hashes": {
                "sha1": "1ab0c6f8fd95a5ba9526ebb2040251eb4b231c62",
                "sha512": "fd62d7c3dc3feb8e558019fe6418a467ce77f0cb19c12948620caa833f78e6be39b2d19c39b8642424d02b7cc26c0506870184c735f4f84af6b2ad1e462b0c8e"
            },
            "env": {
                "client": "required",
                "server": "required"
            },
            "downloads": [
                "https://cdn.modrinth.com/data/3IuO68q1/versions/JyVlkrSf/puzzle-fabric-2.1.0%2B1.21.5.jar"
            ],
            "fileSize": 141834
        },
        {
            "path": "mods/reeses-sodium-options-fabric-1.8.3+mc1.21.4.jar",
            "hashes": {
                "sha1": "c72f07a8f139f0420cbce29bd9eb29fb24db427f",
                "sha512": "42fd766fb3f4064938389599a53c3baad29e40e6ab9cdae9a4302eaa8b2daa96af9128978348549ef47122ecf2663b2e81e5155d01a4be4eba4d03c7e6974dba"
            },
            "env": {
                "client": "required",
                "server": "required"
            },
            "downloads": [
                "https://cdn.modrinth.com/data/Bh37bMuy/versions/KoUrx3jJ/reeses-sodium-options-fabric-1.8.3%2Bmc1.21.4.jar"
            ],
            "fileSize": 81067
        },
        {
            "path": "mods/rrls-5.1.6+mc1.21.5-fabric.jar",
            "hashes": {
                "sha1": "71e89a5986cf42e61736c5c9db7e2438d7e8175b",
                "sha512": "175a20ecdda2ea091330b622ba30525fd607db5835b3434c74ffe4ff46b5bc754e075010c28ef6476a5eaa14732fe8e5d99a72fc6b8d209a6eadfdd1437b5fb6"
            },
            "env": {
                "client": "required",
                "server": "required"
            },
            "downloads": [
                "https://cdn.modrinth.com/data/ZP7xHXtw/versions/xUn7p7zf/rrls-5.1.6%2Bmc1.21.5-fabric.jar"
            ],
            "fileSize": 195776
        },
        {
            "path": "mods/sodium-extra-fabric-0.6.3+mc1.21.5.jar",
            "hashes": {
                "sha1": "f791686c1af393dd8931540f38b5aab8e28f2b5c",
                "sha512": "2c5350390c635e1782e054a18d8eaa7c837a83d89b65544058ae4bda9efc7411c9b235cda780294371f7a6aa52d7a421322b16403d78d11818249ff30cb04f5f"
            },
            "env": {
                "client": "required",
                "server": "required"
            },
            "downloads": [
                "https://cdn.modrinth.com/data/PtjYWJkn/versions/E5w6eZNE/sodium-extra-fabric-0.6.3%2Bmc1.21.5.jar"
            ],
            "fileSize": 361857
        },
        {
            "path": "mods/sodium-fabric-0.6.13+mc1.21.5.jar",
            "hashes": {
                "sha1": "6a7132ea86653541fa53ef88c764c8ac0cde81cc",
                "sha512": "4cddd0b8f5392278002e6cd4c91f20a9e4b17e7ba38c1a2dcc419ca4b0b856366e247101beedaff9f021664523ab32c51acf7fb4dd2b411367c06f9edeb2108d"
            },
            "env": {
                "client": "required",
                "server": "required"
            },
            "downloads": [
                "https://cdn.modrinth.com/data/AANobbMI/versions/DA250htH/sodium-fabric-0.6.13%2Bmc1.21.5.jar"
            ],
            "fileSize": 1336477
        },
        {
            "path": "mods/yet_another_config_lib_v3-3.6.6+1.21.5-fabric.jar",
            "hashes": {
                "sha1": "bbde70bc2410603edbcdad099a18dd27a7424bfb",
                "sha512": "13db3a4ec6ba02c7bc190ea777459d3b113d6600fa2b9688aedb1c038915af0e9a7caad4d0bd0c19a86e5a9fbafd65f34f61f7d63190a707cce7c6a4e2c3aed5"
            },
            "env": {
                "client": "required",
                "server": "required"
            },
            "downloads": [
                "https://cdn.modrinth.com/data/1eAoo2KR/versions/5yBEzonb/yet_another_config_lib_v3-3.6.6%2B1.21.5-fabric.jar"
            ],
            "fileSize": 1116615
        },
        {
            "path": "mods/yosbr-0.1.2.jar",
            "hashes": {
                "sha1": "f0340e9c0bc95d67f3f3e9c1cd79b61054af11f9",
                "sha512": "254f2225f6446523aa8c8274e83b31e27f3b2afc8fe4f490fb1b169dd518e10c7993acda5db0ab597474ddf9d69506b5e794242fada1e2f89ed7bf9d412a8f78"
            },
            "env": {
                "client": "required",
                "server": "required"
            },
            "downloads": [
                "https://cdn.modrinth.com/data/WwbubTsV/versions/KMOzdYko/yosbr-0.1.2.jar"
            ],
            "fileSize": 17373
        },
        {
            "path": "resourcepacks/Chat Reporting Helper.zip",
            "hashes": {
                "sha1": "a0d6002471aa30923666842837525915be822d4a",
                "sha512": "12321942c5c48c0ffa6486fd07de3087739d5396c24476d880aa12da242820f1fc1ff0f82d50ca3a793339c920de3dbd5daa221f57b1ef560f0028639606b948"
            },
            "env": {
                "client": "required",
                "server": "required"
            },
            "downloads": [
                "https://cdn.modrinth.com/data/tN4E9NfV/versions/FJ4SDCSo/Chat%20Reporting%20Helper.zip"
            ],
            "fileSize": 66030
        },
        {
            "path": "resourcepacks/SodiumTranslations.zip",
            "hashes": {
                "sha1": "d0478317ca886f3496439ea108e3fcd695f7b85d",
                "sha512": "6831b9eb21a29337a78450e10ae952c9bbc77ddea5d21a81b6cb265211307f919201c16736a0f86b9420614ea3b47e831d8fa50b50635ef7ed434a54d79420dc"
            },
            "env": {
                "client": "required",
                "server": "required"
            },
            "downloads": [
                "https://cdn.modrinth.com/data/yfDziwn1/versions/5JjR53Aw/SodiumTranslations.zip"
            ],
            "fileSize": 224099
        }
    ],
    "dependencies": {
        "fabric-loader": "0.16.14",
        "minecraft": "1.21.5"
    }
}
